{"payload":{"installed_packages":["absl-py==1.2.0","argon2-cffi-bindings==21.2.0","argon2-cffi==21.3.0","asttokens==2.0.5","astunparse==1.6.3","attrs==21.4.0","backcall==0.2.0","beautifulsoup4==4.10.0","bleach==4.1.0","bs4==0.0.1","cachetools==5.2.0","certifi==2021.10.8","cffi==1.15.0","charset-normalizer==2.0.12","click==8.1.3","colorama==0.4.4","comet-ml==3.31.17","configobj==5.0.6","contextlib2==21.6.0","cycler==0.11.0","cython==0.29.28","debugpy==1.6.0","decorator==5.1.1","defusedxml==0.7.1","dulwich==0.20.50","entrypoints==0.4","everett==3.1.0","executing==0.8.3","flask==2.2.2","flatbuffers==22.9.24","fonttools==4.29.1","gast==0.4.0","gensim==4.2.0","glob2==0.7","google-auth-oauthlib==0.4.6","google-auth==2.12.0","google-pasta==0.2.0","grpcio==1.49.1","h5py==3.7.0","idna==3.3","ipykernel==6.11.0","ipython-genutils==0.2.0","ipython==8.2.0","ipywidgets==8.0.2","itsdangerous==2.1.2","jedi==0.18.1","jinja2==3.1.1","joblib==1.1.0","jsonschema==4.4.0","jupyter-client==7.2.1","jupyter-console==6.4.4","jupyter-core==4.9.2","jupyter==1.0.0","jupyterlab-pygments==0.1.2","jupyterlab-widgets==3.0.3","keras-preprocessing==1.1.2","keras==2.10.0","kiwisolver==1.3.2","libclang==14.0.6","lxml==4.9.1","markdown==3.4.1","markupsafe==2.1.1","matplotlib-inline==0.1.3","matplotlib==3.5.1","mediapipe==0.8.11","mistune==0.8.4","nbclient==0.5.13","nbconvert==6.4.5","nbformat==5.2.0","nest-asyncio==1.5.5","nltk==3.7","notebook==6.4.10","numpy==1.23.4","oauthlib==3.2.1","object-detection==0.0.3","opencv-contrib-python==4.6.0.66","opencv-python==4.6.0.66","opt-einsum==3.3.0","packaging==21.3","pandas==1.4.1","pandocfilters==1.5.0","parso==0.8.3","pickleshare==0.7.5","pillow==9.0.1","pip==22.3.1","prometheus-client==0.13.1","prompt-toolkit==3.0.28","protobuf==3.19.6","psutil==5.9.0","pure-eval==0.2.2","pyasn1-modules==0.2.8","pyasn1==0.4.8","pycparser==2.21","pygments==2.11.2","pyparsing==3.0.7","pyrsistent==0.18.1","python-dateutil==2.8.2","pytz==2021.3","pywin32==303","pywinpty==2.0.5","pyyaml==6.0","pyzmq==22.3.0","qtconsole==5.4.0","qtpy==2.3.0","regex==2022.9.13","requests-oauthlib==1.3.1","requests-toolbelt==0.10.1","requests==2.27.1","rsa==4.9","scikit-learn==1.0.2","scipy==1.8.0","seaborn==0.11.2","semantic-version==2.10.0","send2trash==1.8.0","sentry-sdk==1.10.1","setuptools==61.3.1","six==1.16.0","sklearn==0.0","smart-open==6.2.0","soupsieve==2.3.1","stack-data==0.2.0","tensorboard-data-server==0.6.1","tensorboard-plugin-wit==1.8.1","tensorboard==2.10.1","tensorflow-estimator==2.10.0","tensorflow-io-gcs-filesystem==0.27.0","tensorflow==2.10.0","termcolor==2.0.1","terminado==0.13.3","testpath==0.6.0","thop==0.1.1.post2209072238","threadpoolctl==3.1.0","torch==1.12.1","torchvision==0.13.1","tornado==6.1","tqdm==4.64.1","traitlets==5.1.1","typing-extensions==4.3.0","urllib3==1.26.12","utils==1.0.1","wcwidth==0.2.5","webencodings==0.5.1","websocket-client==1.3.3","werkzeug==2.2.2","wheel==0.37.1","widgetsnbextension==4.0.3","wrapt==1.14.1","wurlitzer==3.0.2"],"local_timestamp":1668392277358},"type":"ws_msg"}
{"payload":{"env_details":{"command":["train.py","--img","360","--batch","16","--epochs","1","--data","dataset.yaml"],"env":null,"hostname":"DESKTOP-SMCBMI7","ip":"10.20.184.14","machine":"AMD64","os":"Windows-10-10.0.22000-SP0","os_release":"10","os_type":"Windows","pid":14168,"processor":"Intel64 Family 6 Model 167 Stepping 1, GenuineIntel","python_exe":"C:\\Users\\JiHo Han\\AppData\\Local\\Programs\\Python\\Python310\\python.exe","python_version":"3.10.2","python_version_verbose":"3.10.2 (tags/v3.10.2:a58ebcc, Jan 17 2022, 14:12:15) [MSC v.1929 64 bit (AMD64)]","user":"JiHo Han"},"local_timestamp":1668392277401},"type":"ws_msg"}
{"payload":{"local_timestamp":1668392277486,"param":{"paramName":"img","paramValue":360,"source":"command_line","step":null}},"type":"parameter_msg"}
{"payload":{"local_timestamp":1668392277486,"param":{"paramName":"batch","paramValue":16,"source":"command_line","step":null}},"type":"parameter_msg"}
{"payload":{"local_timestamp":1668392277486,"param":{"paramName":"epochs","paramValue":1,"source":"command_line","step":null}},"type":"parameter_msg"}
{"payload":{"local_timestamp":1668392277486,"param":{"paramName":"data","paramValue":"dataset.yaml","source":"command_line","step":null}},"type":"parameter_msg"}
{"payload":{"local_timestamp":1668392277487,"metric":{"epoch":null,"metricName":"sys.cpu.percent.avg","metricValue":18.183333333333334,"step":null}},"type":"metric_msg"}
{"payload":{"local_timestamp":1668392277487,"metric":{"epoch":null,"metricName":"sys.cpu.percent.01","metricValue":23.9,"step":null}},"type":"metric_msg"}
{"payload":{"local_timestamp":1668392277487,"metric":{"epoch":null,"metricName":"sys.cpu.percent.02","metricValue":6.1,"step":null}},"type":"metric_msg"}
{"payload":{"local_timestamp":1668392277487,"metric":{"epoch":null,"metricName":"sys.cpu.percent.03","metricValue":21.1,"step":null}},"type":"metric_msg"}
{"payload":{"local_timestamp":1668392277487,"metric":{"epoch":null,"metricName":"sys.cpu.percent.04","metricValue":15.0,"step":null}},"type":"metric_msg"}
{"payload":{"local_timestamp":1668392277487,"metric":{"epoch":null,"metricName":"sys.cpu.percent.05","metricValue":20.2,"step":null}},"type":"metric_msg"}
{"payload":{"local_timestamp":1668392277487,"metric":{"epoch":null,"metricName":"sys.cpu.percent.06","metricValue":7.5,"step":null}},"type":"metric_msg"}
{"payload":{"local_timestamp":1668392277487,"metric":{"epoch":null,"metricName":"sys.cpu.percent.07","metricValue":13.1,"step":null}},"type":"metric_msg"}
{"payload":{"local_timestamp":1668392277487,"metric":{"epoch":null,"metricName":"sys.cpu.percent.08","metricValue":8.0,"step":null}},"type":"metric_msg"}
{"payload":{"local_timestamp":1668392277487,"metric":{"epoch":null,"metricName":"sys.cpu.percent.09","metricValue":12.7,"step":null}},"type":"metric_msg"}
{"payload":{"local_timestamp":1668392277487,"metric":{"epoch":null,"metricName":"sys.cpu.percent.10","metricValue":9.4,"step":null}},"type":"metric_msg"}
{"payload":{"local_timestamp":1668392277487,"metric":{"epoch":null,"metricName":"sys.cpu.percent.11","metricValue":12.7,"step":null}},"type":"metric_msg"}
{"payload":{"local_timestamp":1668392277487,"metric":{"epoch":null,"metricName":"sys.cpu.percent.12","metricValue":68.5,"step":null}},"type":"metric_msg"}
{"payload":{"local_timestamp":1668392277487,"metric":{"epoch":null,"metricName":"sys.load.avg","metricValue":0.0,"step":null}},"type":"metric_msg"}
{"payload":{"local_timestamp":1668392277487,"metric":{"epoch":null,"metricName":"sys.ram.total","metricValue":34222510080,"step":null}},"type":"metric_msg"}
{"payload":{"local_timestamp":1668392277487,"metric":{"epoch":null,"metricName":"sys.ram.used","metricValue":25504985088,"step":null}},"type":"metric_msg"}
{"payload":{"local_timestamp":1668392277487,"log_other":{"key":"offline_experiment","val":true}},"type":"ws_msg"}
{"payload":{"local_timestamp":1668392277489,"stderr":true,"stdout":"Traceback (most recent call last):\n"},"type":"ws_msg"}
{"payload":{"local_timestamp":1668392277489,"stderr":true,"stdout":"  File \"C:\\Users\\JiHo Han\\Desktop\\YOLOv5\\Project_Howl\\train.py\", line 630, in <module>\n"},"type":"ws_msg"}
{"payload":{"local_timestamp":1668392277489,"stderr":true,"stdout":"    "},"type":"ws_msg"}
{"payload":{"local_timestamp":1668392277490,"stderr":true,"stdout":"main(opt)"},"type":"ws_msg"}
{"payload":{"local_timestamp":1668392277490,"stderr":true,"stdout":"\n"},"type":"ws_msg"}
{"payload":{"local_timestamp":1668392277490,"stderr":true,"stdout":"  File \"C:\\Users\\JiHo Han\\Desktop\\YOLOv5\\Project_Howl\\train.py\", line 524, in main\n"},"type":"ws_msg"}
{"payload":{"local_timestamp":1668392277490,"stderr":true,"stdout":"    "},"type":"ws_msg"}
{"payload":{"local_timestamp":1668392277490,"stderr":true,"stdout":"train(opt.hyp, opt, device, callbacks)"},"type":"ws_msg"}
{"payload":{"local_timestamp":1668392277491,"stderr":true,"stdout":"\n"},"type":"ws_msg"}
{"payload":{"local_timestamp":1668392277491,"stderr":true,"stdout":"  File \"C:\\Users\\JiHo Han\\Desktop\\YOLOv5\\Project_Howl\\train.py\", line 93, in train\n"},"type":"ws_msg"}
{"payload":{"local_timestamp":1668392277491,"stderr":true,"stdout":"    "},"type":"ws_msg"}
{"payload":{"local_timestamp":1668392277491,"stderr":true,"stdout":"loggers = Loggers(save_dir, weights, opt, hyp, LOGGER)  # loggers instance"},"type":"ws_msg"}
{"payload":{"local_timestamp":1668392277491,"stderr":true,"stdout":"\n"},"type":"ws_msg"}
{"payload":{"local_timestamp":1668392277491,"stderr":true,"stdout":"  File \"C:\\Users\\JiHo Han\\Desktop\\YOLOv5\\Project_Howl\\utils\\loggers\\__init__.py\", line 132, in __init__\n"},"type":"ws_msg"}
{"payload":{"local_timestamp":1668392277491,"stderr":true,"stdout":"    "},"type":"ws_msg"}
{"payload":{"local_timestamp":1668392277491,"stderr":true,"stdout":"self.comet_logger = CometLogger(self.opt, self.hyp)"},"type":"ws_msg"}
{"payload":{"local_timestamp":1668392277492,"stderr":true,"stdout":"\n"},"type":"ws_msg"}
{"payload":{"local_timestamp":1668392277492,"stderr":true,"stdout":"  File \"C:\\Users\\JiHo Han\\Desktop\\YOLOv5\\Project_Howl\\utils\\loggers\\comet\\__init__.py\", line 97, in __init__\n"},"type":"ws_msg"}
{"payload":{"local_timestamp":1668392277492,"stderr":true,"stdout":"    "},"type":"ws_msg"}
{"payload":{"local_timestamp":1668392277492,"stderr":true,"stdout":"self.data_dict = self.check_dataset(self.opt.data)"},"type":"ws_msg"}
{"payload":{"local_timestamp":1668392277492,"stderr":true,"stdout":"\n"},"type":"ws_msg"}
{"payload":{"local_timestamp":1668392277492,"stderr":true,"stdout":"  File \"C:\\Users\\JiHo Han\\Desktop\\YOLOv5\\Project_Howl\\utils\\loggers\\comet\\__init__.py\", line 234, in check_dataset\n"},"type":"ws_msg"}
{"payload":{"local_timestamp":1668392277492,"stderr":true,"stdout":"    "},"type":"ws_msg"}
{"payload":{"local_timestamp":1668392277493,"stderr":true,"stdout":"if data_config['path'].startswith(COMET_PREFIX):"},"type":"ws_msg"}
{"payload":{"local_timestamp":1668392277493,"stderr":true,"stdout":"\n"},"type":"ws_msg"}
{"payload":{"local_timestamp":1668392277493,"stderr":true,"stdout":"KeyError"},"type":"ws_msg"}
{"payload":{"local_timestamp":1668392277493,"stderr":true,"stdout":": "},"type":"ws_msg"}
{"payload":{"local_timestamp":1668392277493,"stderr":true,"stdout":"'path'"},"type":"ws_msg"}
{"payload":{"local_timestamp":1668392277493,"stderr":true,"stdout":"\n"},"type":"ws_msg"}
{"payload":{"local_timestamp":1668392277493,"stderr":true,"stdout":"COMET INFO: ----------------------------------\n"},"type":"ws_msg"}
{"payload":{"local_timestamp":1668392277493,"stderr":true,"stdout":"COMET INFO: Comet.ml OfflineExperiment Summary\n"},"type":"ws_msg"}
{"payload":{"local_timestamp":1668392277494,"stderr":true,"stdout":"COMET INFO: ----------------------------------\n"},"type":"ws_msg"}
{"payload":{"local_timestamp":1668392277494,"stderr":true,"stdout":"COMET INFO:   Data:\n"},"type":"ws_msg"}
{"payload":{"local_timestamp":1668392277494,"stderr":true,"stdout":"COMET INFO:     display_summary_level : 1\n"},"type":"ws_msg"}
{"payload":{"local_timestamp":1668392277494,"stderr":true,"stdout":"COMET INFO:     url                   : [OfflineExperiment will get URL after upload]\n"},"type":"ws_msg"}
{"payload":{"local_timestamp":1668392277494,"stderr":true,"stdout":"COMET INFO:   Others:\n"},"type":"ws_msg"}
{"payload":{"local_timestamp":1668392277494,"stderr":true,"stdout":"COMET INFO:     offline_experiment : True\n"},"type":"ws_msg"}
{"payload":{"local_timestamp":1668392277494,"stderr":true,"stdout":"COMET INFO:   Uploads:\n"},"type":"ws_msg"}
{"payload":{"local_timestamp":1668392277495,"stderr":true,"stdout":"COMET INFO:     environment details : 1\n"},"type":"ws_msg"}
{"payload":{"local_timestamp":1668392277495,"stderr":true,"stdout":"COMET INFO:     installed packages  : 1\n"},"type":"ws_msg"}
{"payload":{"local_timestamp":1668392277495,"stderr":true,"stdout":"COMET INFO: ----------------------------------\n"},"type":"ws_msg"}
{"payload":{"local_timestamp":1668392277495,"stderr":true,"stdout":"COMET WARNING: Experiment Name is generated at upload time for Offline Experiments unless set explicitly with Experiment.set_name\n"},"type":"ws_msg"}
{"payload":{"local_timestamp":1668392277495,"stderr":true,"stdout":"COMET WARNING: Comet has disabled auto-logging functionality as it has been imported after the following ML modules: tensorboard, torch. Metrics and hyperparameters can still be logged using comet_ml.log_metrics() and comet_ml.log_parameters()\n"},"type":"ws_msg"}
{"payload":{"local_timestamp":1668392277495,"log_other":{"key":"sys.already_imported_modules","val":"[\"tensorboard\", \"torch\"]"}},"type":"ws_msg"}
